|- ub,lb,truth -|,|- ub,lb,truth -|,|- ub,lb,truth -|,|- ub,lb,truth -|
0.0,0.0,0.0,0.0,0.0,0.0,0.0,-1.0,-0.23338833058347097,0.0497701149425287,0.04952307692307689,0.04908918668611184
1.0,1.0,1.0,0.0,0.0,0.0,1.0,0.0,1.0,0.0497701149425287,0.04952307692307689,0.049031538461538404
0.0,0.0,0.0,0.0,0.0,0.0,0.0,0.0,0.0,0.0,0.0,0.0
1.0,1.0,0.9999999999999999,0.0,0.0,0.0,0.0,0.0,0.0,0.04837209302325585,0.04837209302325585,0.048325581395348705
0.11399999999999999,0.11399999999999999,0.11350000000000016,0.0,0.0,0.0,0.352,-0.41000000000000003,0.17378143092845333,0.0497701149425287,0.04952307692307689,0.04908918668611184
0.762,0.762,0.7619,0.0,0.0,0.0,0.648,-0.11399999999999999,0.6483999999999999,0.0497701149425287,0.04952307692307689,0.049031538461538404
0.0,-0.11099999999999999,-0.02147775014801645,0.0,0.0,0.0,0.0,-0.11099999999999999,-0.02147775014801645,0.0,0.0,0.0
1.0,0.889,0.9999999999999999,0.0,0.0,0.0,0.0,-0.11099999999999999,0.0,0.04837209302325585,0.04837209302325585,0.048325581395348705
