ub,lb,truth
0.3988368067787927,0.10470680677879268,0.32794472858257084
0.47131799999999996,0.17718799999999996,0.4669828200000003
0.14749600000000007,-0.081866,-0.037730953008881074
0.3742560000000001,0.14489400000000002,0.14480291999999972
